"trial_ID","start_date","cage_id","species","batch_id","temp","trt_arm","first_choice","latency","is_excluded","sodium_level","notes","starving_start","trial_start","starvation_duration_mins","chose_trt","trt_visits","ctrl_visits","trt_time_secs","ctrl_time_secs","parent_batch_id","cage_id_char","batch_id_char","location","flower","pct_sodium_error","sodium_add_datetime","time_since_sodium_added","time_of_day_hrs","starvation_duration_mins_z","temp_z","pct_sodium_error_z","time_since_sodium_added_z","time_of_day_hrs_z","prop_trt_time_secs"
1,"6/24/2026","1","Apis mellifera","1A",20.3,"R","R",10,FALSE,"low","",2026-06-24 09:30:00,2026-06-24 12:30:00,180,1,14,11,584,215,"1","1","1A","42.4033115, -85.3841674","Tradescantia ohiensis",0.000488901926273515,2026-06-24 11:48:00,42,12.5,-1.28575861392199,-1.23711626652465,3.71735699038899,-0.859122796794685,-1.03960638672768,0.730913642052566
2,"6/24/2026","1","Apis mellifera","1A",19.9,"L","L",47,FALSE,"low","",2026-06-24 09:30:00,2026-06-24 12:55:00,205,1,2,2,226,632,"1","1","1A","42.4033115, -85.3841674","Tradescantia ohiensis",0.000488901926273515,2026-06-24 11:48:00,67,12.9166666666667,-0.772276739352502,-1.83188370235381,3.71735699038899,-0.371649580274777,-0.79030029878339,0.263403263403263
3,"6/24/2026","1","Apis mellifera","1A",19.9,"R","R",9,FALSE,"low","",2026-06-24 09:30:00,2026-06-24 13:30:00,240,1,26,31,300,395,"1","1","1A","42.4033115, -85.3841674","Tradescantia ohiensis",0.000488901926273515,2026-06-24 11:48:00,102,13.5,-0.0534021149552261,-1.83188370235381,3.71735699038899,0.310812922853093,-0.441271775661388,0.431654676258993
4,"6/24/2026","1","Apis mellifera","1A",20,"L","L",7,FALSE,"low","",2026-06-24 09:30:00,2026-06-24 14:00:00,270,1,12,9,432,394,"1","1","1A","42.4033115, -85.3841674","Tradescantia ohiensis",0.000488901926273515,2026-06-24 11:48:00,132,14,0.562776134528154,-1.68319184339652,3.71735699038899,0.895780782676982,-0.142104470128244,0.523002421307506
5,"6/24/2026","1","Apis mellifera","1A",20.1,"R","L",125,FALSE,"low","sluggish. near death",2026-06-24 09:30:00,2026-06-24 14:35:00,305,0,1,1,352,258,"1","1","1A","42.4033115, -85.3841674","Tradescantia ohiensis",0.000488901926273515,2026-06-24 11:48:00,167,14.5833333333333,1.28165075892543,-1.53449998443922,3.71735699038899,1.57824328580485,0.206924052993758,0.577049180327869
6,"6/24/2026","2","Apis mellifera","1B",20.2,"L","L",10,FALSE,"low","",2026-06-24 13:00:00,2026-06-24 16:00:00,180,1,6,5,397,483,"1","2","1B","42.4033115, -85.3841674","Tradescantia ohiensis",0.000130373847006357,2026-06-24 15:14:00,46,16,-1.28575861392199,-1.38580812548194,0.984919509983444,-0.7811270821515,1.05456475200433,0.451136363636364
7,"6/24/2026","2","Apis mellifera","1B",19.9,"R","R",25,FALSE,"low","",2026-06-24 13:00:00,2026-06-24 16:30:00,210,1,5,3,425,357,"1","2","1B","42.4033115, -85.3841674","Tradescantia ohiensis",0.000130373847006357,2026-06-24 15:14:00,76,16.5,-0.669580364438606,-1.83188370235381,0.984919509983444,-0.196159222327611,1.35373205753748,0.543478260869565
8,"6/24/2026","2","Apis mellifera","1B",20,"L","L",28,FALSE,"low","",2026-06-24 13:00:00,2026-06-24 17:00:00,240,1,1,1,11,860,"1","2","1B","42.4033115, -85.3841674","Tradescantia ohiensis",0.000130373847006357,2026-06-24 15:14:00,106,17,-0.0534021149552261,-1.68319184339652,0.984919509983444,0.388808637496278,1.65289936307062,0.0126291618828932
9,"6/24/2026","2","Apis mellifera","1B",19.9,"R","R",11,FALSE,"low","",2026-06-24 13:00:00,2026-06-24 17:30:00,270,1,4,4,241,604,"1","2","1B","42.4033115, -85.3841674","Tradescantia ohiensis",0.000130373847006357,2026-06-24 15:14:00,136,17.5,0.562776134528154,-1.83188370235381,0.984919509983444,0.973776497320167,1.95206666860377,0.285207100591716
10,"6/24/2026","2","Apis mellifera","1B",20,"L","R",40,FALSE,"low","",2026-06-24 13:00:00,2026-06-24 18:00:00,300,0,4,6,526,351,"1","2","1B","42.4033115, -85.3841674","Tradescantia ohiensis",0.000130373847006357,2026-06-24 15:14:00,166,18,1.17895438401153,-1.68319184339652,0.984919509983444,1.55874435714406,2.25123397413691,0.599771949828962
11,"6/25/2026","3","Apis mellifera","2A",19.4,"R","R",19,FALSE,"low","Room cleaned this morning - may effect background smells and agitation",2026-06-25 08:50:00,2026-06-25 11:50:00,180,1,5,5,262,616,"2","3","2A","42.3922541, -85.3846328","Tradescantia ohiensis",-3.2593461751543e-05,2026-06-25 11:33:00,17,11.8333333333333,-1.28575861392199,-2.57534299714025,-0.257097526565299,-1.34659601331459,-1.43849612743854,0.298405466970387
12,"6/25/2026","3","Apis mellifera","2A",19.6,"L","L",39,FALSE,"low","",2026-06-25 08:50:00,2026-06-25 12:20:00,210,1,3,1,358,258,"2","3","2A","42.3922541, -85.3846328","Tradescantia ohiensis",-3.2593461751543e-05,2026-06-25 11:33:00,47,12.3333333333333,-0.669580364438606,-2.27795927922567,-0.257097526565299,-0.761628153490703,-1.13932882190539,0.581168831168831
13,"6/25/2026","3","Apis mellifera","2A",19.7,"R","L",14,FALSE,"low","",2026-06-25 08:50:00,2026-06-25 12:50:00,240,0,10,10,305,488,"2","3","2A","42.3922541, -85.3846328","Tradescantia ohiensis",-3.2593461751543e-05,2026-06-25 11:33:00,77,12.8333333333333,-0.0534021149552261,-2.12926742026838,-0.257097526565299,-0.176660293666814,-0.840161516372247,0.384615384615385
14,"6/25/2026","3","Apis mellifera","2A",19.7,"L","L",19,FALSE,"low","",2026-06-25 08:50:00,2026-06-25 13:20:00,270,1,5,3,472,364,"2","3","2A","42.3922541, -85.3846328","Tradescantia ohiensis",-3.2593461751543e-05,2026-06-25 11:33:00,107,13.3333333333333,0.562776134528154,-2.12926742026838,-0.257097526565299,0.408307566157074,-0.540994210839103,0.564593301435407
15,"6/25/2026","3","Apis mellifera","2A",19.8,"R","L",55,FALSE,"low","Possible light confound",2026-06-25 08:50:00,2026-06-25 13:55:00,305,0,8,8,303,418,"2","3","2A","42.3922541, -85.3846328","Tradescantia ohiensis",-3.2593461751543e-05,2026-06-25 11:33:00,142,13.9166666666667,1.28165075892543,-1.98057556131109,-0.257097526565299,1.09077006928494,-0.191965687717102,0.420249653259362
16,"6/30/2026","1","Apis mellifera","3A",21.3,"R","L",4,FALSE,"low","Possible light confound",2026-06-30 08:30:00,2026-06-30 11:30:00,180,0,25,20,641,130,"3","1","3A","42.3954156, -85.3895821","Cirsium arvense",-3.2593461751543e-05,2026-06-30 11:15:00,15,11.5,-1.28575861392199,0.249802323048245,-0.257097526565299,-1.38559387063618,-1.63794099779397,0.831387808041505
17,"6/30/2026","1","Apis mellifera","3A",22,"L","R",8,FALSE,"low","Possible light confound",2026-06-30 08:30:00,2026-06-30 13:00:00,270,0,9,11,405,300,"3","1","3A","42.3954156, -85.3895821","Cirsium arvense",-3.2593461751543e-05,2026-06-30 11:15:00,105,13,0.562776134528154,1.29064533574927,-0.257097526565299,0.369309708835482,-0.740439081194533,0.574468085106383
18,"6/30/2026","1","Apis mellifera","3A",21.9,"R","R",20,FALSE,"low","Possible light confound",2026-06-30 08:30:00,2026-06-30 13:30:00,300,1,6,4,315,229,"3","1","3A","42.3954156, -85.3895821","Cirsium arvense",-3.2593461751543e-05,2026-06-30 11:15:00,135,13.5,1.17895438401153,1.14195347679198,-0.257097526565299,0.95427756865937,-0.441271775661388,0.579044117647059
19,"6/30/2026","1","Apis mellifera","3A",22.1,"L","R",20,FALSE,"low","Possible light confound",2026-06-30 08:30:00,2026-06-30 14:00:00,330,0,22,20,307,310,"3","1","3A","42.3954156, -85.3895821","Cirsium arvense",-3.2593461751543e-05,2026-06-30 11:15:00,165,14,1.79513263349491,1.43933719470656,-0.257097526565299,1.53924542848326,-0.142104470128244,0.497568881685575
20,"6/30/2026","1","Apis mellifera","3A",22.2,"R","L",10,FALSE,"low","Possible light confound",2026-06-30 08:30:00,2026-06-30 14:30:00,360,0,4,5,136,698,"3","1","3A","42.3954156, -85.3895821","Cirsium arvense",-3.2593461751543e-05,2026-06-30 11:15:00,195,14.5,2.41131088297829,1.58802905366384,-0.257097526565299,2.12421328830715,0.1570628354049,0.163069544364508
21,"6/30/2026","2","Apis mellifera","3B",22.1,"L","R",8,FALSE,"low","",2026-06-30 11:30:00,2026-06-30 15:30:00,240,0,32,27,414,172,"3","2","3B","42.3954156, -85.3895821","Cirsium arvense",-0.0001629673087579,2026-06-30 15:12:00,18,15.5,-0.0534021149552261,1.43933719470656,-1.25071115580458,-1.3270970846538,0.755397446471189,0.706484641638225
22,"6/30/2026","2","Apis mellifera","3B",21.6,"R","L",31,FALSE,"low","Near death",2026-06-30 11:30:00,2026-06-30 16:15:00,285,0,0,1,0,869,"3","2","3B","42.3954156, -85.3895821","Cirsium arvense",-0.0001629673087579,2026-06-30 15:12:00,63,16.25,0.870865259269843,0.695877899920113,-1.25071115580458,-0.449645294917963,1.20414840477091,0
23,"6/30/2026","2","Apis mellifera","3B",21.6,"L","L",35,FALSE,"low","Near death",2026-06-30 11:30:00,2026-06-30 16:45:00,315,1,1,0,865,0,"3","2","3B","42.3954156, -85.3895821","Cirsium arvense",-0.0001629673087579,2026-06-30 15:12:00,93,16.75,1.48704350875322,0.695877899920113,-1.25071115580458,0.135322564905926,1.50331571030405,1
24,"7/1/2026","4","Apis mellifera","4A",20.8,"R","R",85,FALSE,"low","",2026-07-01 11:00:00,2026-07-01 14:00:00,180,1,8,2,584,22,"4","4","4A","42.3954156, -85.3895821","Cirsium arvense",-3.2593461751543e-05,2026-07-01 13:47:00,13,14,-1.28575861392199,-0.493656971738201,-0.257097526565299,-1.42459172795778,-0.142104470128244,0.963696369636964
25,"7/1/2026","4","Apis mellifera","4A",20.9,"L","R",28,FALSE,"low","",2026-07-01 11:00:00,2026-07-01 14:30:00,210,0,7,8,313,450,"4","4","4A","42.3954156, -85.3895821","Cirsium arvense",-3.2593461751543e-05,2026-07-01 13:47:00,43,14.5,-0.669580364438606,-0.344965112780915,-0.257097526565299,-0.839623868133888,0.1570628354049,0.410222804718218
26,"7/1/2026","4","Apis mellifera","4A",20.7,"R","R",12,FALSE,"low","",2026-07-01 11:00:00,2026-07-01 15:00:00,240,1,9,7,310,422,"4","4","4A","42.3954156, -85.3895821","Cirsium arvense",-3.2593461751543e-05,2026-07-01 13:47:00,73,15,-0.0534021149552261,-0.642348830695492,-0.257097526565299,-0.25465600831,0.456230140938045,0.423497267759563
27,"7/2/2026","1","Apis mellifera","4B",21.4,"L","L",20,FALSE,"low","",2026-07-02 09:00:00,2026-07-02 12:00:00,180,1,9,6,622,105,"4","1","4B","42.4099520, -85.3914023","Asclepias syriaca",-0.000195560770509443,2026-07-02 11:26:00,34,12,-1.28575861392199,0.398494182005531,-1.49911456311404,-1.01511422608106,-1.33877369226082,0.855570839064649
28,"7/2/2026","1","Apis mellifera","4B",21.5,"R","R",51,FALSE,"low","",2026-07-02 09:00:00,2026-07-02 13:00:00,240,1,2,5,51,610,"4","1","4B","42.4099520, -85.3914023","Asclepias syriaca",-0.000195560770509443,2026-07-02 11:26:00,94,13,-0.0534021149552261,0.547186040962822,-1.49911456311404,0.154821493566723,-0.740439081194533,0.0771558245083207
29,"7/2/2026","1","Apis mellifera","4B",21.7,"L","R",9,FALSE,"low","",2026-07-02 09:00:00,2026-07-02 13:30:00,270,0,2,3,677,155,"4","1","4B","42.4099520, -85.3914023","Asclepias syriaca",-0.000195560770509443,2026-07-02 11:26:00,124,13.5,0.562776134528154,0.844569758877399,-1.49911456311404,0.739789353390611,-0.441271775661388,0.813701923076923
30,"7/2/2026","1","Apis mellifera","4B",21.8,"R","L",17,FALSE,"low","",2026-07-02 09:00:00,2026-07-02 14:00:00,300,0,7,6,202,577,"4","1","4B","42.4099520, -85.3914023","Asclepias syriaca",-0.000195560770509443,2026-07-02 11:26:00,154,14,1.17895438401153,0.99326161783469,-1.49911456311404,1.3247572132145,-0.142104470128244,0.259306803594352
31,"7/2/2026","2","Apis mellifera","4C",21.9,"L","L",9,FALSE,"low","",2026-07-02 12:00:00,2026-07-02 15:30:00,210,1,11,8,443,101,"4","2","4C","42.4099520, -85.3914023","Asclepias syriaca",-3.2593461751543e-05,2026-07-02 15:00:00,30,15.5,-0.669580364438606,1.14195347679198,-0.257097526565299,-1.09310994072424,0.755397446471189,0.814338235294118
32,"7/2/2026","2","Apis mellifera","4C",22.1,"R","L",9,FALSE,"low","",2026-07-02 12:00:00,2026-07-02 16:00:00,240,0,1,4,19,678,"4","2","4C","42.4099520, -85.3914023","Asclepias syriaca",-3.2593461751543e-05,2026-07-02 15:00:00,60,16,-0.0534021149552261,1.43933719470656,-0.257097526565299,-0.508142080900351,1.05456475200433,0.0272596843615495
33,"7/2/2026","2","Apis mellifera","4C",22.2,"L","L",35,FALSE,"low","",2026-07-02 12:00:00,2026-07-02 16:30:00,270,1,5,3,697,52,"4","2","4C","42.4099520, -85.3914023","Asclepias syriaca",-3.2593461751543e-05,2026-07-02 15:00:00,90,16.5,0.562776134528154,1.58802905366384,-0.257097526565299,0.0768257789235373,1.35373205753748,0.930574098798398
34,"7/3/2026","3","Apis mellifera","5A",21.4,"L","R",70,FALSE,"low","",2026-07-03 08:30:00,2026-07-03 11:00:00,150,0,7,9,207,448,"5","3","5A","42.4056579, -85.3954618","Monarda fistulosa",3.2593461751543e-05,2026-07-03 10:35:00,25,11,-1.90193686340537,0.398494182005531,0.239709288053633,-1.19060458402822,-1.93710830332711,0.316030534351145
35,"7/3/2026","3","Apis mellifera","5A",21.4,"R","L",10,FALSE,"low","",2026-07-03 08:30:00,2026-07-03 11:30:00,180,0,7,7,354,426,"5","3","5A","42.4056579, -85.3954618","Monarda fistulosa",3.2593461751543e-05,2026-07-03 10:35:00,55,11.5,-1.28575861392199,0.398494182005531,0.239709288053633,-0.605636724204333,-1.63794099779397,0.453846153846154
36,"7/3/2026","3","Apis mellifera","5A",21.5,"L","L",78,FALSE,"low","",2026-07-03 08:30:00,2026-07-03 12:00:00,210,1,1,9,256,378,"5","3","5A","42.4056579, -85.3954618","Monarda fistulosa",3.2593461751543e-05,2026-07-03 10:35:00,85,12,-0.669580364438606,0.547186040962822,0.239709288053633,-0.0206688643804441,-1.33877369226082,0.403785488958991
37,"7/3/2026","3","Apis mellifera","5A",21.4,"R","L",25,FALSE,"low","",2026-07-03 08:30:00,2026-07-03 12:30:00,240,0,6,8,357,382,"5","3","5A","42.4056579, -85.3954618","Monarda fistulosa",3.2593461751543e-05,2026-07-03 10:35:00,115,12.5,-0.0534021149552261,0.398494182005531,0.239709288053633,0.564298995443445,-1.03960638672768,0.483085250338295
38,"7/3/2026","3","Apis mellifera","5A",21.5,"L","L",9,FALSE,"low","",2026-07-03 08:30:00,2026-07-03 13:00:00,270,1,13,11,431,345,"5","3","5A","42.4056579, -85.3954618","Monarda fistulosa",3.2593461751543e-05,2026-07-03 10:35:00,145,13,0.562776134528154,0.547186040962822,0.239709288053633,1.14926685526733,-0.740439081194533,0.555412371134021
39,"7/3/2026","4","Apis mellifera","5B",21.6,"L","R",6,FALSE,"low","",2026-07-03 10:45:00,2026-07-03 14:15:00,210,0,11,9,566,195,"5","4","5B","42.4056579, -85.3954618","Monarda fistulosa",-6.5186923503086e-05,2026-07-03 14:00:00,15,14.25,-0.669580364438606,0.695877899920113,-0.505500933874766,-1.38559387063618,0.00747918263832818,0.743758212877792
40,"7/3/2026","4","Apis mellifera","5B",21.7,"R","R",27,FALSE,"low","",2026-07-03 10:45:00,2026-07-03 14:45:00,240,1,3,3,371,466,"5","4","5B","42.4056579, -85.3954618","Monarda fistulosa",-6.5186923503086e-05,2026-07-03 14:00:00,45,14.75,-0.0534021149552261,0.844569758877399,-0.505500933874766,-0.800626010812296,0.306646488171472,0.443249701314217
41,"7/3/2026","4","Apis mellifera","5B",21.8,"L","R",96,FALSE,"low","",2026-07-03 10:45:00,2026-07-03 15:15:00,270,0,6,6,501,261,"5","4","5B","42.4056579, -85.3954618","Monarda fistulosa",-6.5186923503086e-05,2026-07-03 14:00:00,75,15.25,0.562776134528154,0.99326161783469,-0.505500933874766,-0.215658150988407,0.605813793704617,0.65748031496063
42,"7/3/2026","4","Apis mellifera","5B",21.9,"R","R",18,FALSE,"low","",2026-07-03 10:45:00,2026-07-03 15:45:00,300,1,5,7,447,308,"5","4","5B","42.4056579, -85.3954618","Monarda fistulosa",-6.5186923503086e-05,2026-07-03 14:00:00,105,15.75,1.17895438401153,1.14195347679198,-0.505500933874766,0.369309708835482,0.904981099237761,0.59205298013245
43,"7/3/2026","4","Apis mellifera","5B",22,"L","R",57,FALSE,"low","",2026-07-03 10:45:00,2026-07-03 16:15:00,330,0,3,4,362,431,"5","4","5B","42.4056579, -85.3954618","Monarda fistulosa",-6.5186923503086e-05,2026-07-03 14:00:00,135,16.25,1.79513263349491,1.29064533574927,-0.505500933874766,0.95427756865937,1.20414840477091,0.456494325346784
44,"7/5/2026","1","Apis mellifera","6A",22.7,"R","R",51,FALSE,"low","",2026-07-05 11:45:00,2026-07-05 14:45:00,180,1,10,7,388,271,"6","1","6A","42.3959980, -85.3816448","Asclepias syriaca",-0.000130373847006357,2026-07-05 14:11:00,34,14.75,-1.28575861392199,2.33148834845029,-1.00230774849511,-1.01511422608106,0.306646488171472,0.588770864946889
45,"7/5/2026","1","Apis mellifera","6A",22.6,"L","L",18,FALSE,"low","",2026-07-05 11:45:00,2026-07-05 15:15:00,210,1,8,6,584,173,"6","1","6A","42.3959980, -85.3816448","Asclepias syriaca",-0.000130373847006357,2026-07-05 14:11:00,64,15.25,-0.669580364438606,2.182796489493,-1.00230774849511,-0.430146366257166,0.605813793704617,0.771466314398943
46,"7/8/2026","2","Apis mellifera","7A",21.1,"R","R",4,FALSE,"low","",2026-07-08 09:00:00,2026-07-08 13:00:00,240,1,4,2,562,184,"7","2","7A","42.3959980, -85.3816448","Asclepias syriaca",0,2026-07-08 13:10:00,-10,13,-0.0534021149552261,-0.0475813948663326,-0.00869411925583301,-1.87306708715609,-0.740439081194533,0.753351206434316
47,"7/8/2026","2","Apis mellifera","7A",20.8,"L","R",6,FALSE,"low","",2026-07-08 09:00:00,2026-07-08 13:45:00,285,0,1,1,881,13,"7","2","7A","42.3959980, -85.3816448","Asclepias syriaca",0,2026-07-08 13:10:00,35,13.75,0.870865259269843,-0.493656971738201,-0.00869411925583301,-0.995615297420259,-0.291688122894816,0.985458612975392
48,"7/8/2026","2","Apis mellifera","7A",20.8,"R","L",20,FALSE,"low","",2026-07-08 09:00:00,2026-07-08 14:15:00,315,0,6,9,281,407,"7","2","7A","42.3959980, -85.3816448","Asclepias syriaca",0,2026-07-08 13:10:00,65,14.25,1.48704350875322,-0.493656971738201,-0.00869411925583301,-0.41064743759637,0.00747918263832818,0.40843023255814
49,"7/8/2026","2","Apis mellifera","7A",20.9,"L","L",61,FALSE,"low","",2026-07-08 09:00:00,2026-07-08 14:45:00,345,1,1,4,97,536,"7","2","7A","42.3959980, -85.3816448","Asclepias syriaca",0,2026-07-08 13:10:00,95,14.75,2.1032217582366,-0.344965112780915,-0.00869411925583301,0.174320422227519,0.306646488171472,0.153238546603476
50,"7/8/2026","2","Apis mellifera","7A",21.2,"R","R",11,FALSE,"low","",2026-07-08 09:00:00,2026-07-08 15:15:00,375,1,11,10,367,378,"7","2","7A","42.3959980, -85.3816448","Asclepias syriaca",0,2026-07-08 13:10:00,125,15.25,2.71940000771998,0.101110464090953,-0.00869411925583301,0.759288282051408,0.605813793704617,0.49261744966443
51,"7/8/2026","3","Apis mellifera","7B",21.2,"L","L",10,FALSE,"low","",2026-07-08 13:00:00,2026-07-08 16:00:00,180,1,15,15,420,452,"7","3","7B","42.3959980, -85.3816448","Asclepias syriaca",6.5186923503086e-05,2026-07-08 15:57:00,3,16,-1.28575861392199,0.101110464090953,0.4881126953631,-1.61958101456574,1.05456475200433,0.481651376146789
52,"7/8/2026","3","Apis mellifera","7B",21.2,"R","R",13,FALSE,"low","",2026-07-08 13:00:00,2026-07-08 16:30:00,210,1,12,14,268,398,"7","3","7B","42.3959980, -85.3816448","Asclepias syriaca",6.5186923503086e-05,2026-07-08 15:57:00,33,16.5,-0.669580364438606,0.101110464090953,0.4881126953631,-1.03461315474185,1.35373205753748,0.402402402402402
53,"7/8/2026","3","Apis mellifera","7B",21.2,"L","R",11,FALSE,"low","",2026-07-08 13:00:00,2026-07-08 17:00:00,240,0,0,1,0,889,"7","3","7B","42.3959980, -85.3816448","Asclepias syriaca",6.5186923503086e-05,2026-07-08 15:57:00,63,17,-0.0534021149552261,0.101110464090953,0.4881126953631,-0.449645294917963,1.65289936307062,0
54,"7/8/2026","3","Apis mellifera","7B",21.3,"R","R",8,FALSE,"low","",2026-07-08 13:00:00,2026-07-08 17:30:00,270,1,11,11,213,417,"7","3","7B","42.3959980, -85.3816448","Asclepias syriaca",6.5186923503086e-05,2026-07-08 15:57:00,93,17.5,0.562776134528154,0.249802323048245,0.4881126953631,0.135322564905926,1.95206666860377,0.338095238095238
55,"7/8/2026","3","Apis mellifera","7B",21.4,"L","L",50,FALSE,"low","",2026-07-08 13:00:00,2026-07-08 18:00:00,300,1,5,3,412,145,"7","3","7B","42.3959980, -85.3816448","Asclepias syriaca",6.5186923503086e-05,2026-07-08 15:57:00,123,18,1.17895438401153,0.398494182005531,0.4881126953631,0.720290424729815,2.25123397413691,0.73967684021544
56,"7/9/2026","1","Apis mellifera","8A",20.8,"R","R",7,FALSE,"low","",2026-07-09 09:00:00,2026-07-09 12:15:00,195,1,10,9,586,212,"8","1","8A","42.401929, -85.380049","Cirsium arvense",-0.000130373847006357,2026-07-09 11:25:00,50,12.25,-0.977669489180296,-0.493656971738201,-1.00230774849511,-0.703131367508314,-1.18919003949425,0.734335839598998
57,"7/9/2026","1","Apis mellifera","8A",20.9,"L","L",8,FALSE,"low","",2026-07-09 09:00:00,2026-07-09 12:45:00,225,1,7,4,449,359,"8","1","8A","42.401929, -85.380049","Cirsium arvense",-0.000130373847006357,2026-07-09 11:25:00,80,12.75,-0.361491239696916,-0.344965112780915,-1.00230774849511,-0.118163507684426,-0.890022733961105,0.555693069306931
58,"7/9/2026","1","Apis mellifera","8A",21,"R","L",11,FALSE,"low","",2026-07-09 09:00:00,2026-07-09 13:15:00,255,0,11,10,464,367,"8","1","8A","42.401929, -85.380049","Cirsium arvense",-0.000130373847006357,2026-07-09 11:25:00,110,13.25,0.254687009786464,-0.196273253823624,-1.00230774849511,0.466804352139463,-0.59085542842796,0.558363417569194
59,"7/9/2026","1","Apis mellifera","8A",21.1,"L","R",10,FALSE,"low","",2026-07-09 09:00:00,2026-07-09 13:45:00,285,0,26,23,425,269,"8","1","8A","42.401929, -85.380049","Cirsium arvense",-0.000130373847006357,2026-07-09 11:25:00,140,13.75,0.870865259269843,-0.0475813948663326,-1.00230774849511,1.05177221196335,-0.291688122894816,0.612391930835735
60,"7/9/2026","1","Apis mellifera","8A",21.2,"R","R",8,FALSE,"low","",2026-07-09 09:00:00,2026-07-09 14:15:00,315,1,11,12,361,361,"8","1","8A","42.401929, -85.380049","Cirsium arvense",-0.000130373847006357,2026-07-09 11:25:00,170,14.25,1.48704350875322,0.101110464090953,-1.00230774849511,1.63674007178724,0.00747918263832818,0.5
61,"7/10/2026","2","Apis mellifera","9A",21.4,"R","R",4,FALSE,"high","",2026-07-10 09:30:00,2026-07-10 13:30:00,240,1,2,1,345,433,"9","2","9A","42.402872, -85.380247","Trifolium pratense",-2.28154232261246e-05,2026-07-10 13:20:00,10,13.5,-0.0534021149552261,0.398494182005531,-0.182576504372798,-1.48308851394017,-0.441271775661388,0.443444730077121
62,"7/10/2026","2","Apis mellifera","9A",21.3,"L","L",3,FALSE,"high","",2026-07-10 09:30:00,2026-07-10 14:00:00,270,1,32,31,506,259,"9","2","9A","42.402872, -85.380247","Trifolium pratense",-2.28154232261246e-05,2026-07-10 13:20:00,40,14,0.562776134528154,0.249802323048245,-0.182576504372798,-0.898120654116277,-0.142104470128244,0.661437908496732
63,"7/10/2026","2","Apis mellifera","9A",21.3,"R","L",6,FALSE,"high","",2026-07-10 09:30:00,2026-07-10 14:30:00,300,0,24,28,392,375,"9","2","9A","42.402872, -85.380247","Trifolium pratense",-2.28154232261246e-05,2026-07-10 13:20:00,70,14.5,1.17895438401153,0.249802323048245,-0.182576504372798,-0.313152794292388,0.1570628354049,0.511082138200782
64,"7/10/2026","3","Apis mellifera","9B",21.3,"L","R",24,FALSE,"high","",2026-07-10 12:30:00,2026-07-10 15:30:00,180,0,10,11,238,485,"9","3","9B","42.402872, -85.380247","Trifolium pratense",-1.30373847006765e-05,2026-07-10 15:16:00,14,15.5,-1.28575861392199,0.249802323048245,-0.108055482180071,-1.40509279929698,0.755397446471189,0.329183955739972
65,"7/10/2026","3","Apis mellifera","9B",21.4,"R","R",7,FALSE,"high","",2026-07-10 12:30:00,2026-07-10 16:00:00,210,1,21,12,630,87,"9","3","9B","42.402872, -85.380247","Trifolium pratense",-1.30373847006765e-05,2026-07-10 15:16:00,44,16,-0.669580364438606,0.398494182005531,-0.108055482180071,-0.820124939473092,1.05456475200433,0.878661087866109
66,"7/10/2026","3","Apis mellifera","9B",21.4,"L","R",15,FALSE,"high","",2026-07-10 12:30:00,2026-07-10 16:30:00,240,0,11,11,125,574,"9","3","9B","42.402872, -85.380247","Trifolium pratense",-1.30373847006765e-05,2026-07-10 15:16:00,74,16.5,-0.0534021149552261,0.398494182005531,-0.108055482180071,-0.235157079649203,1.35373205753748,0.178826895565093
67,"7/14/2026","1","Apis mellifera","10A",20.9,"R","R",36,FALSE,"high","rught arm repaired pretrial (cement applied 7/10/24)",2026-07-14 09:00:00,2026-07-14 12:00:00,180,1,13,9,381,290,"10","1","10A","42.395922, -85.381774","Asclepias syriaca",-2.93341155764628e-05,2026-07-14 11:44:00,16,12,-1.28575861392199,-0.344965112780915,-0.232257185834918,-1.36609494197539,-1.33877369226082,0.567809239940387
68,"7/14/2026","1","Apis mellifera","10A",20.7,"L","R",26,FALSE,"high","",2026-07-14 09:00:00,2026-07-14 12:30:00,210,0,2,2,615,254,"10","1","10A","42.395922, -85.381774","Asclepias syriaca",-2.93341155764628e-05,2026-07-14 11:44:00,46,12.5,-0.669580364438606,-0.642348830695492,-0.232257185834918,-0.7811270821515,-1.03960638672768,0.70771001150748
69,"7/14/2026","1","Apis mellifera","10A",20.8,"R","R",22,FALSE,"high","",2026-07-14 09:00:00,2026-07-14 13:30:00,270,1,5,4,520,297,"10","1","10A","42.395922, -85.381774","Asclepias syriaca",-2.93341155764628e-05,2026-07-14 11:44:00,106,13.5,0.562776134528154,-0.493656971738201,-0.232257185834918,0.388808637496278,-0.441271775661388,0.636474908200734
70,"7/14/2026","1","Apis mellifera","10A",21.1,"L","R",23,FALSE,"high","",2026-07-14 09:00:00,2026-07-14 14:00:00,300,0,10,6,394,211,"10","1","10A","42.395922, -85.381774","Asclepias syriaca",-2.93341155764628e-05,2026-07-14 11:44:00,136,14,1.17895438401153,-0.0475813948663326,-0.232257185834918,0.973776497320167,-0.142104470128244,0.651239669421488
71,"7/14/2026","4","Apis mellifera","10B",21.1,"L","L",53,FALSE,"high","",2026-07-14 12:00:00,2026-07-14 15:00:00,180,1,3,2,540,263,"10","4","10B","42.402872, -85.380247","Trifolium pratense",-3.25934617510983e-06,2026-07-14 14:56:00,4,15,-1.28575861392199,-0.0475813948663326,-0.0335344599864408,-1.60008208590494,0.456230140938045,0.672478206724782
72,"7/14/2026","4","Apis mellifera","10B",21.2,"R","R",4,FALSE,"high","",2026-07-14 12:00:00,2026-07-14 15:30:00,210,1,16,13,583,219,"10","4","10B","42.402872, -85.380247","Trifolium pratense",-3.25934617510983e-06,2026-07-14 14:56:00,34,15.5,-0.669580364438606,0.101110464090953,-0.0335344599864408,-1.01511422608106,0.755397446471189,0.726932668329177
73,"7/14/2026","4","Apis mellifera","10B",21.2,"L","R",11,FALSE,"high","",2026-07-14 12:00:00,2026-07-14 16:00:00,240,0,10,8,412,327,"10","4","10B","42.402872, -85.380247","Trifolium pratense",-3.25934617510983e-06,2026-07-14 14:56:00,64,16,-0.0534021149552261,0.101110464090953,-0.0335344599864408,-0.430146366257166,1.05456475200433,0.557510148849797
74,"7/14/2026","4","Apis mellifera","10B",21.4,"R","L",14,FALSE,"high","",2026-07-14 12:00:00,2026-07-14 16:30:00,270,0,8,5,472,277,"10","4","10B","42.402872, -85.380247","Trifolium pratense",-3.25934617510983e-06,2026-07-14 14:56:00,94,16.5,0.562776134528154,0.398494182005531,-0.0335344599864408,0.154821493566723,1.35373205753748,0.630173564753004
75,"7/15/2026","2","Apis mellifera","11A",21.1,"L","L",37,FALSE,"high","",2026-07-15 10:00:00,2026-07-15 13:00:00,180,1,6,2,626,31,"11","2","11A","42.397917, -85.389514","Monarda fistulosa",-3.25934617510983e-06,2026-07-15 10:56:00,124,13,-1.28575861392199,-0.0475813948663326,-0.0335344599864408,0.739789353390611,-0.740439081194533,0.952815829528158
76,"7/15/2026","2","Apis mellifera","11A",21.1,"R","L",62,FALSE,"high","",2026-07-15 10:00:00,2026-07-15 13:30:00,210,0,6,4,476,212,"11","2","11A","42.397917, -85.389514","Monarda fistulosa",-3.25934617510983e-06,2026-07-15 10:56:00,154,13.5,-0.669580364438606,-0.0475813948663326,-0.0335344599864408,1.3247572132145,-0.441271775661388,0.691860465116279
77,"7/15/2026","2","Apis mellifera","11A",21.2,"L","R",6,FALSE,"high","",2026-07-15 10:00:00,2026-07-15 14:00:00,240,0,3,6,53,776,"11","2","11A","42.397917, -85.389514","Monarda fistulosa",-3.25934617510983e-06,2026-07-15 10:56:00,184,14,-0.0534021149552261,0.101110464090953,-0.0335344599864408,1.90972507303839,-0.142104470128244,0.0639324487334137
78,"7/15/2026","3","Apis mellifera","11B",21.4,"R","L",5,FALSE,"high","",2026-07-15 12:00:00,2026-07-15 15:00:00,180,0,11,10,391,261,"11","3","11B","42.397917, -85.389514","Monarda fistulosa",-6.51869235033824e-06,2026-07-15 14:52:00,8,15,-1.28575861392199,0.398494182005531,-0.0583748007179522,-1.52208637126176,0.456230140938045,0.599693251533742
79,"7/15/2026","3","Apis mellifera","11B",21.5,"L","R",11,FALSE,"high","",2026-07-15 12:00:00,2026-07-15 15:30:00,210,0,8,14,404,303,"11","3","11B","42.397917, -85.389514","Monarda fistulosa",-6.51869235033824e-06,2026-07-15 14:52:00,38,15.5,-0.669580364438606,0.547186040962822,-0.0583748007179522,-0.93711851143787,0.755397446471189,0.571428571428571
80,"7/15/2026","3","Apis mellifera","11B",21.7,"R","L",22,FALSE,"high","",2026-07-15 12:00:00,2026-07-15 16:00:00,240,0,15,13,501,183,"11","3","11B","42.397917, -85.389514","Monarda fistulosa",-6.51869235033824e-06,2026-07-15 14:52:00,68,16,-0.0534021149552261,0.844569758877399,-0.0583748007179522,-0.352150651613981,1.05456475200433,0.732456140350877
81,"7/16/2026","4","Apis mellifera","12A",21.2,"R","L",4,FALSE,"high","",2026-07-16 08:45:00,2026-07-16 11:45:00,180,0,17,23,198,548,"12","4","12A","42.392052, -85.384543","Monarda fistulosa",-6.51869235033824e-06,2026-07-16 10:20:00,85,11.75,-1.28575861392199,0.101110464090953,-0.0583748007179522,-0.0206688643804441,-1.48835734502739,0.265415549597855
82,"7/16/2026","4","Apis mellifera","12A",21.3,"L","L",5,FALSE,"high","",2026-07-16 08:45:00,2026-07-16 12:15:00,210,1,8,7,620,169,"12","4","12A","42.392052, -85.384543","Monarda fistulosa",-6.51869235033824e-06,2026-07-16 10:20:00,115,12.25,-0.669580364438606,0.249802323048245,-0.0583748007179522,0.564298995443445,-1.18919003949425,0.785804816223067
83,"7/16/2026","4","Apis mellifera","12A",21.4,"R","R",13,FALSE,"high","",2026-07-16 08:45:00,2026-07-16 12:45:00,240,1,3,3,422,421,"12","4","12A","42.392052, -85.384543","Monarda fistulosa",-6.51869235033824e-06,2026-07-16 10:20:00,145,12.75,-0.0534021149552261,0.398494182005531,-0.0583748007179522,1.14926685526733,-0.890022733961105,0.500593119810202
84,"7/16/2026","4","Apis mellifera","12A",21.5,"L","L",22,FALSE,"high","",2026-07-16 08:45:00,2026-07-16 13:15:00,270,1,4,3,381,128,"12","4","12A","42.392052, -85.384543","Monarda fistulosa",-6.51869235033824e-06,2026-07-16 10:20:00,175,13.25,0.562776134528154,0.547186040962822,-0.0583748007179522,1.73423471509122,-0.59085542842796,0.74852652259332
85,"7/16/2026","1","Apis mellifera","12B",21.4,"R","L",20,FALSE,"high","",2026-07-16 12:00:00,2026-07-16 15:00:00,180,0,17,15,347,175,"12","1","12B","42.392052, -85.384543","Monarda fistulosa",-3.25934617510983e-06,2026-07-16 13:54:00,66,15,-1.28575861392199,0.398494182005531,-0.0335344599864408,-0.391148508935574,0.456230140938045,0.664750957854406
86,"7/16/2026","1","Apis mellifera","12B",21.5,"L","L",10,FALSE,"high","",2026-07-16 12:00:00,2026-07-16 15:30:00,210,1,10,10,530,254,"12","1","12B","42.392052, -85.384543","Monarda fistulosa",-3.25934617510983e-06,2026-07-16 13:54:00,96,15.5,-0.669580364438606,0.547186040962822,-0.0335344599864408,0.193819350888315,0.755397446471189,0.676020408163265
87,"7/16/2026","1","Apis mellifera","12B",21.6,"R","L",3,FALSE,"high","",2026-07-16 12:00:00,2026-07-16 16:00:00,240,0,9,12,187,624,"12","1","12B","42.392052, -85.384543","Monarda fistulosa",-3.25934617510983e-06,2026-07-16 13:54:00,126,16,-0.0534021149552261,0.695877899920113,-0.0335344599864408,0.778787210712204,1.05456475200433,0.230579531442663
88,"7/16/2026","1","Apis mellifera","12B",21.7,"L","L",42,FALSE,"high","",2026-07-16 12:00:00,2026-07-16 16:30:00,270,1,21,16,383,259,"12","1","12B","42.392052, -85.384543","Monarda fistulosa",-3.25934617510983e-06,2026-07-16 13:54:00,156,16.5,0.562776134528154,0.844569758877399,-0.0335344599864408,1.36375507053609,1.35373205753748,0.596573208722741
89,"7/17/2026","2","Apis mellifera","13A",21.4,"R","L",35,FALSE,"high","",2026-07-17 08:00:00,2026-07-17 11:15:00,195,0,1,3,97,694,"13","2","13A","42.392155, -85.383777","Monarda fistulosa",-1.95560770508962e-05,2026-07-17 10:26:00,49,11.25,-0.977669489180296,0.398494182005531,-0.157736163641287,-0.722630296169111,-1.78752465056054,0.122629582806574
90,"7/17/2026","2","Apis mellifera","13A",21.5,"L","L",90,FALSE,"high","",2026-07-17 08:00:00,2026-07-17 11:45:00,225,1,12,12,252,450,"13","2","13A","42.392155, -85.383777","Monarda fistulosa",-1.95560770508962e-05,2026-07-17 10:26:00,79,11.75,-0.361491239696916,0.547186040962822,-0.157736163641287,-0.137662436345222,-1.48835734502739,0.358974358974359
91,"7/17/2026","2","Apis mellifera","13A",21.4,"R","R",13,FALSE,"high","",2026-07-17 08:00:00,2026-07-17 12:45:00,285,1,7,7,456,320,"13","2","13A","42.392155, -85.383777","Monarda fistulosa",-1.95560770508962e-05,2026-07-17 10:26:00,139,12.75,0.870865259269843,0.398494182005531,-0.157736163641287,1.03227328330256,-0.890022733961105,0.587628865979381
92,"7/17/2026","2","Apis mellifera","13A",21.4,"L","L",30,FALSE,"high","",2026-07-17 08:00:00,2026-07-17 13:15:00,315,1,3,3,477,305,"13","2","13A","42.392155, -85.383777","Monarda fistulosa",-1.95560770508962e-05,2026-07-17 10:26:00,169,13.25,1.48704350875322,0.398494182005531,-0.157736163641287,1.61724114312644,-0.59085542842796,0.60997442455243
93,"7/19/2026","1","Apis mellifera","14A",20.7,"R","L",7,FALSE,"high","",2026-07-19 09:00:00,2026-07-19 12:00:00,180,0,8,8,386,362,"14","1","14A","42.393490, -85.384411","Monarda fistulosa",-3.25934617510983e-06,2026-07-19 11:43:00,17,12,-1.28575861392199,-0.642348830695492,-0.0335344599864408,-1.34659601331459,-1.33877369226082,0.516042780748663
94,"7/19/2026","1","Apis mellifera","14A",20.6,"L","L",14,FALSE,"high","",2026-07-19 09:00:00,2026-07-19 12:30:00,210,1,11,10,264,212,"14","1","14A","42.393490, -85.384411","Monarda fistulosa",-3.25934617510983e-06,2026-07-19 11:43:00,47,12.5,-0.669580364438606,-0.791040689652778,-0.0335344599864408,-0.761628153490703,-1.03960638672768,0.554621848739496
95,"7/19/2026","1","Apis mellifera","14A",20.7,"R","L",9,FALSE,"high","",2026-07-19 09:00:00,2026-07-19 13:00:00,240,0,9,17,214,561,"14","1","14A","42.393490, -85.384411","Monarda fistulosa",-3.25934617510983e-06,2026-07-19 11:43:00,77,13,-0.0534021149552261,-0.642348830695492,-0.0335344599864408,-0.176660293666814,-0.740439081194533,0.276129032258065
96,"7/19/2026","1","Apis mellifera","14A",20.8,"L","R",78,FALSE,"high","",2026-07-19 09:00:00,2026-07-19 13:30:00,270,0,6,8,49,523,"14","1","14A","42.393490, -85.384411","Monarda fistulosa",-3.25934617510983e-06,2026-07-19 11:43:00,107,13.5,0.562776134528154,-0.493656971738201,-0.0335344599864408,0.408307566157074,-0.441271775661388,0.0856643356643357
97,"7/19/2026","1","Apis mellifera","14A",20.9,"R","R",14,FALSE,"high","",2026-07-19 09:00:00,2026-07-19 14:00:00,300,1,10,3,702,25,"14","1","14A","42.393490, -85.384411","Monarda fistulosa",-3.25934617510983e-06,2026-07-19 11:43:00,137,14,1.17895438401153,-0.344965112780915,-0.0335344599864408,0.993275425980963,-0.142104470128244,0.965612104539202
98,"7/22/2026","4","Apis mellifera","15A",20.6,"L","R",22,FALSE,"high","",2026-07-22 10:00:00,2026-07-22 13:00:00,180,0,4,6,285,550,"15","4","15A","42.402065, -85.385998","Monarda fistulosa",-1.30373847006765e-05,2026-07-22 10:48:00,132,13,-1.28575861392199,-0.791040689652778,-0.108055482180071,0.895780782676982,-0.740439081194533,0.341317365269461
99,"7/22/2026","4","Apis mellifera","15A",20.6,"R","R",10,FALSE,"high","",2026-07-22 10:00:00,2026-07-22 13:30:00,210,1,23,25,333,385,"15","4","15A","42.402065, -85.385998","Monarda fistulosa",-1.30373847006765e-05,2026-07-22 10:48:00,162,13.5,-0.669580364438606,-0.791040689652778,-0.108055482180071,1.48074864250087,-0.441271775661388,0.463788300835655
100,"7/22/2026","4","Apis mellifera","15A",20.7,"L","L",140,FALSE,"high","",2026-07-22 10:00:00,2026-07-22 14:00:00,240,1,2,1,308,441,"15","4","15A","42.402065, -85.385998","Monarda fistulosa",-1.30373847006765e-05,2026-07-22 10:48:00,192,14,-0.0534021149552261,-0.642348830695492,-0.108055482180071,2.06571650232476,-0.142104470128244,0.411214953271028
